{
  "results": {
    "classical_summary": {
      "svm_rbf": {
        "f1": 0.9640287769784173,
        "roc_auc": 0.8119402985074626,
        "best_params": {
          "C": 4.0,
          "gamma": "scale"
        }
      },
      "random_forest": {
        "f1": 0.9640287769784173,
        "roc_auc": 0.764179104477612
      },
      "cnn": {
        "f1": 0.9640287769784173,
        "roc_auc": 0.7014925373134329
      }
    },
    "qsvm": {
      "f1": 0.9640287769784173,
      "roc_auc": 0.7313432835820894,
      "n_features": 4,
      "circuit_depth": 1,
      "two_qubit_gates": 1,
      "shots": 2048,
      "kernel_cond_train": 780013717726.053,
      "best_C": 1.0
    },
    "vqc": {
      "f1": 0.9640287769784173,
      "roc_auc": 0.3373134328358209,
      "val_loss_min": 0.2590497154795897,
      "grad_norm_last": 0.15998155404948322,
      "best_threshold": 0.8702907851345629,
      "wall_time_s": 104.74656200408936
    }
  },
  "ci": {}
}