{
  "svm_rbf": {
    "f1": 0.9640287769784173,
    "roc_auc": 0.8119402985074626,
    "best_params": {
      "C": 4.0,
      "gamma": "scale"
    }
  },
  "random_forest": {
    "f1": 0.9640287769784173,
    "roc_auc": 0.764179104477612
  },
  "cnn": {
    "f1": 0.9640287769784173,
    "roc_auc": 0.7014925373134329
  }
}