Model,Accuracy,Precision,Recall,F1-Score,AUC
SVM,0.975,0.9629629629629629,1.0,0.9811320754716981,0.9725274725274725
Random Forest,0.925,0.96,0.9230769230769231,0.9411764705882353,0.9560439560439561
CNN,0.9,0.8666666666666667,1.0,0.9285714285714286,0.9587912087912087
