Model,Accuracy,Precision,Recall,F1-Score,AUC
CNN,0.9838056680161943,0.9879518072289156,0.9879518072289156,0.9879518072289156,0.99888442659527
