Model,Accuracy,Precision,Recall,F1-Score,AUC
Random Forest,0.9573170731707317,0.9557522123893806,0.9818181818181818,0.968609865470852,0.984006734006734
