Model,Accuracy,Precision,Recall,F1-Score,AUC
SVM,0.9634146341463414,0.956140350877193,0.990909090909091,0.9732142857142857,0.9592592592592595
