{
  "f1": 0.9640287769784173,
  "roc_auc": 0.3373134328358209,
  "val_loss_min": 0.2590497154795897,
  "grad_norm_last": 0.15998155404948322,
  "best_threshold": 0.8702907851345629,
  "wall_time_s": 104.74656200408936
}