{
  "accuracy": [
    0.6238806247711182,
    0.9343283772468567,
    0.9343283772468567,
    0.9343283772468567,
    0.9343283772468567,
    0.9343283772468567,
    0.9343283772468567,
    0.9343283772468567,
    0.9343283772468567,
    0.9343283772468567,
    0.9343283772468567,
    0.9343283772468567,
    0.9343283772468567,
    0.9343283772468567,
    0.9343283772468567,
    0.9343283772468567,
    0.9343283772468567,
    0.9343283772468567,
    0.9343283772468567,
    0.9343283772468567,
    0.9343283772468567,
    0.9343283772468567,
    0.9343283772468567,
    0.9343283772468567,
    0.9343283772468567,
    0.9343283772468567,
    0.9343283772468567,
    0.9343283772468567,
    0.9343283772468567,
    0.9343283772468567
  ],
  "loss": [
    0.6686989665031433,
    0.482873797416687,
    0.32041284441947937,
    0.24630846083164215,
    0.26526665687561035,
    0.26537856459617615,
    0.25435155630111694,
    0.2444937378168106,
    0.2497788667678833,
    0.24309492111206055,
    0.24418874084949493,
    0.2541404366493225,
    0.2495463341474533,
    0.24661417305469513,
    0.24377937614917755,
    0.2557666003704071,
    0.24663189053535461,
    0.24559806287288666,
    0.23618480563163757,
    0.2416692078113556,
    0.23817890882492065,
    0.2501595616340637,
    0.23603683710098267,
    0.23334278166294098,
    0.23672805726528168,
    0.24842175841331482,
    0.238570898771286,
    0.23614321649074554,
    0.24182172119617462,
    0.2396857589483261
  ],
  "val_accuracy": [
    0.9305555820465088,
    0.9305555820465088,
    0.9305555820465088,
    0.9305555820465088,
    0.9305555820465088,
    0.9305555820465088,
    0.9305555820465088,
    0.9305555820465088,
    0.9305555820465088,
    0.9305555820465088,
    0.9305555820465088,
    0.9305555820465088,
    0.9305555820465088,
    0.9305555820465088,
    0.9305555820465088,
    0.9305555820465088,
    0.9305555820465088,
    0.9305555820465088,
    0.9305555820465088,
    0.9305555820465088,
    0.9305555820465088,
    0.9305555820465088,
    0.9305555820465088,
    0.9305555820465088,
    0.9305555820465088,
    0.9305555820465088,
    0.9305555820465088,
    0.9305555820465088,
    0.9305555820465088,
    0.9305555820465088
  ],
  "val_loss": [
    0.5483556985855103,
    0.37613630294799805,
    0.25996291637420654,
    0.2656291723251343,
    0.2789137661457062,
    0.2637709677219391,
    0.2525782287120819,
    0.2518634498119354,
    0.25169381499290466,
    0.25118663907051086,
    0.25147008895874023,
    0.251312255859375,
    0.25077831745147705,
    0.25040513277053833,
    0.2503467798233032,
    0.2503867745399475,
    0.2503516376018524,
    0.25012242794036865,
    0.24962279200553894,
    0.24936336278915405,
    0.2493160367012024,
    0.24893172085285187,
    0.24877722561359406,
    0.24895602464675903,
    0.2493496686220169,
    0.24860543012619019,
    0.24806134402751923,
    0.24810393154621124,
    0.24796615540981293,
    0.2478025257587433
  ]
}